List of Sophie Germain primes from 1 to 100000.,,,,,,,,,,,,,,,,,,,,,,,,,
A prime number n is a Sophie Germain prime if 2n + 1 is also prime,,,,,,,,,,,,,,,,,,,,,,,,,
n,2n+1,,,,,,,,,,,,,,,,,,,,,,,,
2.0,5.0,,,,,,,,,,,,,,,,,,,,,,,,
3.0,7.0,,,,,,,,,,,,,,,,,,,,,,,,
5.0,11.0,,,,,,,,,,,,,,,,,,,,,,,,
11.0,23.0,,,,,,,,,,,,,,,,,,,,,,,,
23.0,47.0,,,,,,,,,,,,,,,,,,,,,,,,
29.0,59.0,,,,,,,,,,,,,,,,,,,,,,,,
41.0,83.0,,,,,,,,,,,,,,,,,,,,,,,,
53.0,107.0,,,,,,,,,,,,,,,,,,,,,,,,
83.0,167.0,,,,,,,,,,,,,,,,,,,,,,,,
89.0,179.0,,,,,,,,,,,,,,,,,,,,,,,,
113.0,227.0,,,,,,,,,,,,,,,,,,,,,,,,
131.0,263.0,,,,,,,,,,,,,,,,,,,,,,,,
173.0,347.0,,,,,,,,,,,,,,,,,,,,,,,,
179.0,359.0,,,,,,,,,,,,,,,,,,,,,,,,
191.0,383.0,,,,,,,,,,,,,,,,,,,,,,,,
233.0,467.0,,,,,,,,,,,,,,,,,,,,,,,,
239.0,479.0,,,,,,,,,,,,,,,,,,,,,,,,
251.0,503.0,,,,,,,,,,,,,,,,,,,,,,,,
281.0,563.0,,,,,,,,,,,,,,,,,,,,,,,,
293.0,587.0,,,,,,,,,,,,,,,,,,,,,,,,
359.0,719.0,,,,,,,,,,,,,,,,,,,,,,,,
419.0,839.0,,,,,,,,,,,,,,,,,,,,,,,,
431.0,863.0,,,,,,,,,,,,,,,,,,,,,,,,
443.0,887.0,,,,,,,,,,,,,,,,,,,,,,,,
491.0,983.0,,,,,,,,,,,,,,,,,,,,,,,,
509.0,1019.0,,,,,,,,,,,,,,,,,,,,,,,,
593.0,1187.0,,,,,,,,,,,,,,,,,,,,,,,,
641.0,1283.0,,,,,,,,,,,,,,,,,,,,,,,,
653.0,1307.0,,,,,,,,,,,,,,,,,,,,,,,,
659.0,1319.0,,,,,,,,,,,,,,,,,,,,,,,,
683.0,1367.0,,,,,,,,,,,,,,,,,,,,,,,,
719.0,1439.0,,,,,,,,,,,,,,,,,,,,,,,,
743.0,1487.0,,,,,,,,,,,,,,,,,,,,,,,,
761.0,1523.0,,,,,,,,,,,,,,,,,,,,,,,,
809.0,1619.0,,,,,,,,,,,,,,,,,,,,,,,,
911.0,1823.0,,,,,,,,,,,,,,,,,,,,,,,,
953.0,1907.0,,,,,,,,,,,,,,,,,,,,,,,,
1013.0,2027.0,,,,,,,,,,,,,,,,,,,,,,,,
1019.0,2039.0,,,,,,,,,,,,,,,,,,,,,,,,
1031.0,2063.0,,,,,,,,,,,,,,,,,,,,,,,,
1049.0,2099.0,,,,,,,,,,,,,,,,,,,,,,,,
1103.0,2207.0,,,,,,,,,,,,,,,,,,,,,,,,
1223.0,2447.0,,,,,,,,,,,,,,,,,,,,,,,,
1229.0,2459.0,,,,,,,,,,,,,,,,,,,,,,,,
1289.0,2579.0,,,,,,,,,,,,,,,,,,,,,,,,
1409.0,2819.0,,,,,,,,,,,,,,,,,,,,,,,,
1439.0,2879.0,,,,,,,,,,,,,,,,,,,,,,,,
1451.0,2903.0,,,,,,,,,,,,,,,,,,,,,,,,
1481.0,2963.0,,,,,,,,,,,,,,,,,,,,,,,,
1499.0,2999.0,,,,,,,,,,,,,,,,,,,,,,,,
1511.0,3023.0,,,,,,,,,,,,,,,,,,,,,,,,
1559.0,3119.0,,,,,,,,,,,,,,,,,,,,,,,,
1583.0,3167.0,,,,,,,,,,,,,,,,,,,,,,,,
1601.0,3203.0,,,,,,,,,,,,,,,,,,,,,,,,
1733.0,3467.0,,,,,,,,,,,,,,,,,,,,,,,,
1811.0,3623.0,,,,,,,,,,,,,,,,,,,,,,,,
1889.0,3779.0,,,,,,,,,,,,,,,,,,,,,,,,
1901.0,3803.0,,,,,,,,,,,,,,,,,,,,,,,,
1931.0,3863.0,,,,,,,,,,,,,,,,,,,,,,,,
1973.0,3947.0,,,,,,,,,,,,,,,,,,,,,,,,
2003.0,4007.0,,,,,,,,,,,,,,,,,,,,,,,,
2039.0,4079.0,,,,,,,,,,,,,,,,,,,,,,,,
2063.0,4127.0,,,,,,,,,,,,,,,,,,,,,,,,
2069.0,4139.0,,,,,,,,,,,,,,,,,,,,,,,,
2129.0,4259.0,,,,,,,,,,,,,,,,,,,,,,,,
2141.0,4283.0,,,,,,,,,,,,,,,,,,,,,,,,
2273.0,4547.0,,,,,,,,,,,,,,,,,,,,,,,,
2339.0,4679.0,,,,,,,,,,,,,,,,,,,,,,,,
2351.0,4703.0,,,,,,,,,,,,,,,,,,,,,,,,
2393.0,4787.0,,,,,,,,,,,,,,,,,,,,,,,,
2399.0,4799.0,,,,,,,,,,,,,,,,,,,,,,,,
2459.0,4919.0,,,,,,,,,,,,,,,,,,,,,,,,
2543.0,5087.0,,,,,,,,,,,,,,,,,,,,,,,,
2549.0,5099.0,,,,,,,,,,,,,,,,,,,,,,,,
2693.0,5387.0,,,,,,,,,,,,,,,,,,,,,,,,
2699.0,5399.0,,,,,,,,,,,,,,,,,,,,,,,,
2741.0,5483.0,,,,,,,,,,,,,,,,,,,,,,,,
2753.0,5507.0,,,,,,,,,,,,,,,,,,,,,,,,
2819.0,5639.0,,,,,,,,,,,,,,,,,,,,,,,,
2903.0,5807.0,,,,,,,,,,,,,,,,,,,,,,,,
2939.0,5879.0,,,,,,,,,,,,,,,,,,,,,,,,
2963.0,5927.0,,,,,,,,,,,,,,,,,,,,,,,,
2969.0,5939.0,,,,,,,,,,,,,,,,,,,,,,,,
3023.0,6047.0,,,,,,,,,,,,,,,,,,,,,,,,
3299.0,6599.0,,,,,,,,,,,,,,,,,,,,,,,,
3329.0,6659.0,,,,,,,,,,,,,,,,,,,,,,,,
3359.0,6719.0,,,,,,,,,,,,,,,,,,,,,,,,
3389.0,6779.0,,,,,,,,,,,,,,,,,,,,,,,,
3413.0,6827.0,,,,,,,,,,,,,,,,,,,,,,,,
3449.0,6899.0,,,,,,,,,,,,,,,,,,,,,,,,
3491.0,6983.0,,,,,,,,,,,,,,,,,,,,,,,,
3539.0,7079.0,,,,,,,,,,,,,,,,,,,,,,,,
3593.0,7187.0,,,,,,,,,,,,,,,,,,,,,,,,
3623.0,7247.0,,,,,,,,,,,,,,,,,,,,,,,,
3761.0,7523.0,,,,,,,,,,,,,,,,,,,,,,,,
3779.0,7559.0,,,,,,,,,,,,,,,,,,,,,,,,
3803.0,7607.0,,,,,,,,,,,,,,,,,,,,,,,,
3821.0,7643.0,,,,,,,,,,,,,,,,,,,,,,,,
3851.0,7703.0,,,,,,,,,,,,,,,,,,,,,,,,
3863.0,7727.0,,,,,,,,,,,,,,,,,,,,,,,,
3911.0,7823.0,,,,,,,,,,,,,,,,,,,,,,,,
4019.0,8039.0,,,,,,,,,,,,,,,,,,,,,,,,
4073.0,8147.0,,,,,,,,,,,,,,,,,,,,,,,,
4211.0,8423.0,,,,,,,,,,,,,,,,,,,,,,,,
4271.0,8543.0,,,,,,,,,,,,,,,,,,,,,,,,
4349.0,8699.0,,,,,,,,,,,,,,,,,,,,,,,,
4373.0,8747.0,,,,,,,,,,,,,,,,,,,,,,,,
4391.0,8783.0,,,,,,,,,,,,,,,,,,,,,,,,
4409.0,8819.0,,,,,,,,,,,,,,,,,,,,,,,,
4481.0,8963.0,,,,,,,,,,,,,,,,,,,,,,,,
4733.0,9467.0,,,,,,,,,,,,,,,,,,,,,,,,
4793.0,9587.0,,,,,,,,,,,,,,,,,,,,,,,,
4871.0,9743.0,,,,,,,,,,,,,,,,,,,,,,,,
4919.0,9839.0,,,,,,,,,,,,,,,,,,,,,,,,
4943.0,9887.0,,,,,,,,,,,,,,,,,,,,,,,,
5003.0,10007.0,,,,,,,,,,,,,,,,,,,,,,,,
5039.0,10079.0,,,,,,,,,,,,,,,,,,,,,,,,
5051.0,10103.0,,,,,,,,,,,,,,,,,,,,,,,,
5081.0,10163.0,,,,,,,,,,,,,,,,,,,,,,,,
5171.0,10343.0,,,,,,,,,,,,,,,,,,,,,,,,
5231.0,10463.0,,,,,,,,,,,,,,,,,,,,,,,,
5279.0,10559.0,,,,,,,,,,,,,,,,,,,,,,,,
5303.0,10607.0,,,,,,,,,,,,,,,,,,,,,,,,
5333.0,10667.0,,,,,,,,,,,,,,,,,,,,,,,,
5399.0,10799.0,,,,,,,,,,,,,,,,,,,,,,,,
5441.0,10883.0,,,,,,,,,,,,,,,,,,,,,,,,
5501.0,11003.0,,,,,,,,,,,,,,,,,,,,,,,,
5639.0,11279.0,,,,,,,,,,,,,,,,,,,,,,,,
5711.0,11423.0,,,,,,,,,,,,,,,,,,,,,,,,
5741.0,11483.0,,,,,,,,,,,,,,,,,,,,,,,,
5849.0,11699.0,,,,,,,,,,,,,,,,,,,,,,,,
5903.0,11807.0,,,,,,,,,,,,,,,,,,,,,,,,
6053.0,12107.0,,,,,,,,,,,,,,,,,,,,,,,,
6101.0,12203.0,,,,,,,,,,,,,,,,,,,,,,,,
6113.0,12227.0,,,,,,,,,,,,,,,,,,,,,,,,
6131.0,12263.0,,,,,,,,,,,,,,,,,,,,,,,,
6173.0,12347.0,,,,,,,,,,,,,,,,,,,,,,,,
6263.0,12527.0,,,,,,,,,,,,,,,,,,,,,,,,
6269.0,12539.0,,,,,,,,,,,,,,,,,,,,,,,,
6323.0,12647.0,,,,,,,,,,,,,,,,,,,,,,,,
6329.0,12659.0,,,,,,,,,,,,,,,,,,,,,,,,
6449.0,12899.0,,,,,,,,,,,,,,,,,,,,,,,,
6491.0,12983.0,,,,,,,,,,,,,,,,,,,,,,,,
6521.0,13043.0,,,,,,,,,,,,,,,,,,,,,,,,
6551.0,13103.0,,,,,,,,,,,,,,,,,,,,,,,,
6563.0,13127.0,,,,,,,,,,,,,,,,,,,,,,,,
6581.0,13163.0,,,,,,,,,,,,,,,,,,,,,,,,
6761.0,13523.0,,,,,,,,,,,,,,,,,,,,,,,,
6899.0,13799.0,,,,,,,,,,,,,,,,,,,,,,,,
6983.0,13967.0,,,,,,,,,,,,,,,,,,,,,,,,
7043.0,14087.0,,,,,,,,,,,,,,,,,,,,,,,,
7079.0,14159.0,,,,,,,,,,,,,,,,,,,,,,,,
7103.0,14207.0,,,,,,,,,,,,,,,,,,,,,,,,
7121.0,14243.0,,,,,,,,,,,,,,,,,,,,,,,,
7151.0,14303.0,,,,,,,,,,,,,,,,,,,,,,,,
7193.0,14387.0,,,,,,,,,,,,,,,,,,,,,,,,
7211.0,14423.0,,,,,,,,,,,,,,,,,,,,,,,,
7349.0,14699.0,,,,,,,,,,,,,,,,,,,,,,,,
7433.0,14867.0,,,,,,,,,,,,,,,,,,,,,,,,
7541.0,15083.0,,,,,,,,,,,,,,,,,,,,,,,,
7643.0,15287.0,,,,,,,,,,,,,,,,,,,,,,,,
7649.0,15299.0,,,,,,,,,,,,,,,,,,,,,,,,
7691.0,15383.0,,,,,,,,,,,,,,,,,,,,,,,,
7823.0,15647.0,,,,,,,,,,,,,,,,,,,,,,,,
7841.0,15683.0,,,,,,,,,,,,,,,,,,,,,,,,
7883.0,15767.0,,,,,,,,,,,,,,,,,,,,,,,,
7901.0,15803.0,,,,,,,,,,,,,,,,,,,,,,,,
8069.0,16139.0,,,,,,,,,,,,,,,,,,,,,,,,
8093.0,16187.0,,,,,,,,,,,,,,,,,,,,,,,,
8111.0,16223.0,,,,,,,,,,,,,,,,,,,,,,,,
8243.0,16487.0,,,,,,,,,,,,,,,,,,,,,,,,
8273.0,16547.0,,,,,,,,,,,,,,,,,,,,,,,,
8513.0,17027.0,,,,,,,,,,,,,,,,,,,,,,,,
8663.0,17327.0,,,,,,,,,,,,,,,,,,,,,,,,
8693.0,17387.0,,,,,,,,,,,,,,,,,,,,,,,,
8741.0,17483.0,,,,,,,,,,,,,,,,,,,,,,,,
8951.0,17903.0,,,,,,,,,,,,,,,,,,,,,,,,
8969.0,17939.0,,,,,,,,,,,,,,,,,,,,,,,,
9029.0,18059.0,,,,,,,,,,,,,,,,,,,,,,,,
9059.0,18119.0,,,,,,,,,,,,,,,,,,,,,,,,
9221.0,18443.0,,,,,,,,,,,,,,,,,,,,,,,,
9293.0,18587.0,,,,,,,,,,,,,,,,,,,,,,,,
9371.0,18743.0,,,,,,,,,,,,,,,,,,,,,,,,
9419.0,18839.0,,,,,,,,,,,,,,,,,,,,,,,,
9473.0,18947.0,,,,,,,,,,,,,,,,,,,,,,,,
9479.0,18959.0,,,,,,,,,,,,,,,,,,,,,,,,
9539.0,19079.0,,,,,,,,,,,,,,,,,,,,,,,,
9629.0,19259.0,,,,,,,,,,,,,,,,,,,,,,,,
9689.0,19379.0,,,,,,,,,,,,,,,,,,,,,,,,
9791.0,19583.0,,,,,,,,,,,,,,,,,,,,,,,,
"From 10,000 to 19,999",,,,,,,,,,,,,,,,,,,,,,,,,
n,2n+1,,,,,,,,,,,,,,,,,,,,,,,,
10061.0,20123.0,,,,,,,,,,,,,,,,,,,,,,,,
10091.0,20183.0,,,,,,,,,,,,,,,,,,,,,,,,
10163.0,20327.0,,,,,,,,,,,,,,,,,,,,,,,,
10253.0,20507.0,,,,,,,,,,,,,,,,,,,,,,,,
10271.0,20543.0,,,,,,,,,,,,,,,,,,,,,,,,
10313.0,20627.0,,,,,,,,,,,,,,,,,,,,,,,,
10331.0,20663.0,,,,,,,,,,,,,,,,,,,,,,,,
10529.0,21059.0,,,,,,,,,,,,,,,,,,,,,,,,
10589.0,21179.0,,,,,,,,,,,,,,,,,,,,,,,,
10613.0,21227.0,,,,,,,,,,,,,,,,,,,,,,,,
10691.0,21383.0,,,,,,,,,,,,,,,,,,,,,,,,
10709.0,21419.0,,,,,,,,,,,,,,,,,,,,,,,,
10733.0,21467.0,,,,,,,,,,,,,,,,,,,,,,,,
10781.0,21563.0,,,,,,,,,,,,,,,,,,,,,,,,
10799.0,21599.0,,,,,,,,,,,,,,,,,,,,,,,,
10883.0,21767.0,,,,,,,,,,,,,,,,,,,,,,,,
11171.0,22343.0,,,,,,,,,,,,,,,,,,,,,,,,
11321.0,22643.0,,,,,,,,,,,,,,,,,,,,,,,,
11369.0,22739.0,,,,,,,,,,,,,,,,,,,,,,,,
11393.0,22787.0,,,,,,,,,,,,,,,,,,,,,,,,
11471.0,22943.0,,,,,,,,,,,,,,,,,,,,,,,,
11519.0,23039.0,,,,,,,,,,,,,,,,,,,,,,,,
11549.0,23099.0,,,,,,,,,,,,,,,,,,,,,,,,
11579.0,23159.0,,,,,,,,,,,,,,,,,,,,,,,,
11699.0,23399.0,,,,,,,,,,,,,,,,,,,,,,,,
11783.0,23567.0,,,,,,,,,,,,,,,,,,,,,,,,
11801.0,23603.0,,,,,,,,,,,,,,,,,,,,,,,,
11813.0,23627.0,,,,,,,,,,,,,,,,,,,,,,,,
11831.0,23663.0,,,,,,,,,,,,,,,,,,,,,,,,
11909.0,23819.0,,,,,,,,,,,,,,,,,,,,,,,,
11939.0,23879.0,,,,,,,,,,,,,,,,,,,,,,,,
12011.0,24023.0,,,,,,,,,,,,,,,,,,,,,,,,
12041.0,24083.0,,,,,,,,,,,,,,,,,,,,,,,,
12101.0,24203.0,,,,,,,,,,,,,,,,,,,,,,,,
12119.0,24239.0,,,,,,,,,,,,,,,,,,,,,,,,
12203.0,24407.0,,,,,,,,,,,,,,,,,,,,,,,,
12263.0,24527.0,,,,,,,,,,,,,,,,,,,,,,,,
12329.0,24659.0,,,,,,,,,,,,,,,,,,,,,,,,
12653.0,25307.0,,,,,,,,,,,,,,,,,,,,,,,,
12671.0,25343.0,,,,,,,,,,,,,,,,,,,,,,,,
12791.0,25583.0,,,,,,,,,,,,,,,,,,,,,,,,
12821.0,25643.0,,,,,,,,,,,,,,,,,,,,,,,,
12899.0,25799.0,,,,,,,,,,,,,,,,,,,,,,,,
12923.0,25847.0,,,,,,,,,,,,,,,,,,,,,,,,
12959.0,25919.0,,,,,,,,,,,,,,,,,,,,,,,,
13001.0,26003.0,,,,,,,,,,,,,,,,,,,,,,,,
13049.0,26099.0,,,,,,,,,,,,,,,,,,,,,,,,
13229.0,26459.0,,,,,,,,,,,,,,,,,,,,,,,,
13313.0,26627.0,,,,,,,,,,,,,,,,,,,,,,,,
13451.0,26903.0,,,,,,,,,,,,,,,,,,,,,,,,
13463.0,26927.0,,,,,,,,,,,,,,,,,,,,,,,,
13553.0,27107.0,,,,,,,,,,,,,,,,,,,,,,,,
13619.0,27239.0,,,,,,,,,,,,,,,,,,,,,,,,
13649.0,27299.0,,,,,,,,,,,,,,,,,,,,,,,,
13763.0,27527.0,,,,,,,,,,,,,,,,,,,,,,,,
13883.0,27767.0,,,,,,,,,,,,,,,,,,,,,,,,
13901.0,27803.0,,,,,,,,,,,,,,,,,,,,,,,,
13913.0,27827.0,,,,,,,,,,,,,,,,,,,,,,,,
14009.0,28019.0,,,,,,,,,,,,,,,,,,,,,,,,
14081.0,28163.0,,,,,,,,,,,,,,,,,,,,,,,,
14153.0,28307.0,,,,,,,,,,,,,,,,,,,,,,,,
14159.0,28319.0,,,,,,,,,,,,,,,,,,,,,,,,
14249.0,28499.0,,,,,,,,,,,,,,,,,,,,,,,,
14303.0,28607.0,,,,,,,,,,,,,,,,,,,,,,,,
14321.0,28643.0,,,,,,,,,,,,,,,,,,,,,,,,
14489.0,28979.0,,,,,,,,,,,,,,,,,,,,,,,,
14561.0,29123.0,,,,,,,,,,,,,,,,,,,,,,,,
14621.0,29243.0,,,,,,,,,,,,,,,,,,,,,,,,
14669.0,29339.0,,,,,,,,,,,,,,,,,,,,,,,,
14699.0,29399.0,,,,,,,,,,,,,,,,,,,,,,,,
14741.0,29483.0,,,,,,,,,,,,,,,,,,,,,,,,
14783.0,29567.0,,,,,,,,,,,,,,,,,,,,,,,,
14831.0,29663.0,,,,,,,,,,,,,,,,,,,,,,,,
14879.0,29759.0,,,,,,,,,,,,,,,,,,,,,,,,
14939.0,29879.0,,,,,,,,,,,,,,,,,,,,,,,,
15101.0,30203.0,,,,,,,,,,,,,,,,,,,,,,,,
15161.0,30323.0,,,,,,,,,,,,,,,,,,,,,,,,
15173.0,30347.0,,,,,,,,,,,,,,,,,,,,,,,,
15233.0,30467.0,,,,,,,,,,,,,,,,,,,,,,,,
15269.0,30539.0,,,,,,,,,,,,,,,,,,,,,,,,
15401.0,30803.0,,,,,,,,,,,,,,,,,,,,,,,,
15569.0,31139.0,,,,,,,,,,,,,,,,,,,,,,,,
15629.0,31259.0,,,,,,,,,,,,,,,,,,,,,,,,
15773.0,31547.0,,,,,,,,,,,,,,,,,,,,,,,,
15791.0,31583.0,,,,,,,,,,,,,,,,,,,,,,,,
15803.0,31607.0,,,,,,,,,,,,,,,,,,,,,,,,
15923.0,31847.0,,,,,,,,,,,,,,,,,,,,,,,,
16001.0,32003.0,,,,,,,,,,,,,,,,,,,,,,,,
16091.0,32183.0,,,,,,,,,,,,,,,,,,,,,,,,
16253.0,32507.0,,,,,,,,,,,,,,,,,,,,,,,,
16301.0,32603.0,,,,,,,,,,,,,,,,,,,,,,,,
16421.0,32843.0,,,,,,,,,,,,,,,,,,,,,,,,
16493.0,32987.0,,,,,,,,,,,,,,,,,,,,,,,,
16553.0,33107.0,,,,,,,,,,,,,,,,,,,,,,,,
16673.0,33347.0,,,,,,,,,,,,,,,,,,,,,,,,
16811.0,33623.0,,,,,,,,,,,,,,,,,,,,,,,,
16823.0,33647.0,,,,,,,,,,,,,,,,,,,,,,,,
16883.0,33767.0,,,,,,,,,,,,,,,,,,,,,,,,
16931.0,33863.0,,,,,,,,,,,,,,,,,,,,,,,,
17159.0,34319.0,,,,,,,,,,,,,,,,,,,,,,,,
17183.0,34367.0,,,,,,,,,,,,,,,,,,,,,,,,
17291.0,34583.0,,,,,,,,,,,,,,,,,,,,,,,,
17333.0,34667.0,,,,,,,,,,,,,,,,,,,,,,,,
17351.0,34703.0,,,,,,,,,,,,,,,,,,,,,,,,
17579.0,35159.0,,,,,,,,,,,,,,,,,,,,,,,,
17669.0,35339.0,,,,,,,,,,,,,,,,,,,,,,,,
17681.0,35363.0,,,,,,,,,,,,,,,,,,,,,,,,
17939.0,35879.0,,,,,,,,,,,,,,,,,,,,,,,,
17981.0,35963.0,,,,,,,,,,,,,,,,,,,,,,,,
18041.0,36083.0,,,,,,,,,,,,,,,,,,,,,,,,
18131.0,36263.0,,,,,,,,,,,,,,,,,,,,,,,,
18149.0,36299.0,,,,,,,,,,,,,,,,,,,,,,,,
18191.0,36383.0,,,,,,,,,,,,,,,,,,,,,,,,
18233.0,36467.0,,,,,,,,,,,,,,,,,,,,,,,,
18341.0,36683.0,,,,,,,,,,,,,,,,,,,,,,,,
18443.0,36887.0,,,,,,,,,,,,,,,,,,,,,,,,
18461.0,36923.0,,,,,,,,,,,,,,,,,,,,,,,,
18731.0,37463.0,,,,,,,,,,,,,,,,,,,,,,,,
18773.0,37547.0,,,,,,,,,,,,,,,,,,,,,,,,
18803.0,37607.0,,,,,,,,,,,,,,,,,,,,,,,,
18899.0,37799.0,,,,,,,,,,,,,,,,,,,,,,,,
19163.0,38327.0,,,,,,,,,,,,,,,,,,,,,,,,
19301.0,38603.0,,,,,,,,,,,,,,,,,,,,,,,,
19319.0,38639.0,,,,,,,,,,,,,,,,,,,,,,,,
19373.0,38747.0,,,,,,,,,,,,,,,,,,,,,,,,
19391.0,38783.0,,,,,,,,,,,,,,,,,,,,,,,,
19433.0,38867.0,,,,,,,,,,,,,,,,,,,,,,,,
19553.0,39107.0,,,,,,,,,,,,,,,,,,,,,,,,
19559.0,39119.0,,,,,,,,,,,,,,,,,,,,,,,,
19661.0,39323.0,,,,,,,,,,,,,,,,,,,,,,,,
19709.0,39419.0,,,,,,,,,,,,,,,,,,,,,,,,
19751.0,39503.0,,,,,,,,,,,,,,,,,,,,,,,,
19889.0,39779.0,,,,,,,,,,,,,,,,,,,,,,,,
19913.0,39827.0,,,,,,,,,,,,,,,,,,,,,,,,
19919.0,39839.0,,,,,,,,,,,,,,,,,,,,,,,,
19991.0,39983.0,,,,,,,,,,,,,,,,,,,,,,,,
20063.0,40127.0,,,,,,,,,,,,,,,,,,,,,,,,
20249.0,40499.0,,,,,,,,,,,,,,,,,,,,,,,,
20369.0,40739.0,,,,,,,,,,,,,,,,,,,,,,,,
20393.0,40787.0,,,,,,,,,,,,,,,,,,,,,,,,
20411.0,40823.0,,,,,,,,,,,,,,,,,,,,,,,,
20441.0,40883.0,,,,,,,,,,,,,,,,,,,,,,,,
20693.0,41387.0,,,,,,,,,,,,,,,,,,,,,,,,
20753.0,41507.0,,,,,,,,,,,,,,,,,,,,,,,,
20759.0,41519.0,,,,,,,,,,,,,,,,,,,,,,,,
20771.0,41543.0,,,,,,,,,,,,,,,,,,,,,,,,
20789.0,41579.0,,,,,,,,,,,,,,,,,,,,,,,,
20879.0,41759.0,,,,,,,,,,,,,,,,,,,,,,,,
20921.0,41843.0,,,,,,,,,,,,,,,,,,,,,,,,
20939.0,41879.0,,,,,,,,,,,,,,,,,,,,,,,,
20963.0,41927.0,,,,,,,,,,,,,,,,,,,,,,,,
21011.0,42023.0,,,,,,,,,,,,,,,,,,,,,,,,
21089.0,42179.0,,,,,,,,,,,,,,,,,,,,,,,,
21149.0,42299.0,,,,,,,,,,,,,,,,,,,,,,,,
21179.0,42359.0,,,,,,,,,,,,,,,,,,,,,,,,
21221.0,42443.0,,,,,,,,,,,,,,,,,,,,,,,,
21341.0,42683.0,,,,,,,,,,,,,,,,,,,,,,,,
21383.0,42767.0,,,,,,,,,,,,,,,,,,,,,,,,
21419.0,42839.0,,,,,,,,,,,,,,,,,,,,,,,,
21611.0,43223.0,,,,,,,,,,,,,,,,,,,,,,,,
21701.0,43403.0,,,,,,,,,,,,,,,,,,,,,,,,
21713.0,43427.0,,,,,,,,,,,,,,,,,,,,,,,,
21803.0,43607.0,,,,,,,,,,,,,,,,,,,,,,,,
21893.0,43787.0,,,,,,,,,,,,,,,,,,,,,,,,
22013.0,44027.0,,,,,,,,,,,,,,,,,,,,,,,,
22079.0,44159.0,,,,,,,,,,,,,,,,,,,,,,,,
22133.0,44267.0,,,,,,,,,,,,,,,,,,,,,,,,
22259.0,44519.0,,,,,,,,,,,,,,,,,,,,,,,,
22271.0,44543.0,,,,,,,,,,,,,,,,,,,,,,,,
22343.0,44687.0,,,,,,,,,,,,,,,,,,,,,,,,
22349.0,44699.0,,,,,,,,,,,,,,,,,,,,,,,,
22409.0,44819.0,,,,,,,,,,,,,,,,,,,,,,,,
22433.0,44867.0,,,,,,,,,,,,,,,,,,,,,,,,
22469.0,44939.0,,,,,,,,,,,,,,,,,,,,,,,,
22481.0,44963.0,,,,,,,,,,,,,,,,,,,,,,,,
22541.0,45083.0,,,,,,,,,,,,,,,,,,,,,,,,
22751.0,45503.0,,,,,,,,,,,,,,,,,,,,,,,,
22853.0,45707.0,,,,,,,,,,,,,,,,,,,,,,,,
22943.0,45887.0,,,,,,,,,,,,,,,,,,,,,,,,
23099.0,46199.0,,,,,,,,,,,,,,,,,,,,,,,,
23279.0,46559.0,,,,,,,,,,,,,,,,,,,,,,,,
23321.0,46643.0,,,,,,,,,,,,,,,,,,,,,,,,
23339.0,46679.0,,,,,,,,,,,,,,,,,,,,,,,,
23459.0,46919.0,,,,,,,,,,,,,,,,,,,,,,,,
23561.0,47123.0,,,,,,,,,,,,,,,,,,,,,,,,
23603.0,47207.0,,,,,,,,,,,,,,,,,,,,,,,,
23669.0,47339.0,,,,,,,,,,,,,,,,,,,,,,,,
23753.0,47507.0,,,,,,,,,,,,,,,,,,,,,,,,
23819.0,47639.0,,,,,,,,,,,,,,,,,,,,,,,,
23909.0,47819.0,,,,,,,,,,,,,,,,,,,,,,,,
23981.0,47963.0,,,,,,,,,,,,,,,,,,,,,,,,
24203.0,48407.0,,,,,,,,,,,,,,,,,,,,,,,,
24239.0,48479.0,,,,,,,,,,,,,,,,,,,,,,,,
24281.0,48563.0,,,,,,,,,,,,,,,,,,,,,,,,
24473.0,48947.0,,,,,,,,,,,,,,,,,,,,,,,,
24509.0,49019.0,,,,,,,,,,,,,,,,,,,,,,,,
24551.0,49103.0,,,,,,,,,,,,,,,,,,,,,,,,
24611.0,49223.0,,,,,,,,,,,,,,,,,,,,,,,,
24683.0,49367.0,,,,,,,,,,,,,,,,,,,,,,,,
24749.0,49499.0,,,,,,,,,,,,,,,,,,,,,,,,
24971.0,49943.0,,,,,,,,,,,,,,,,,,,,,,,,
25073.0,50147.0,,,,,,,,,,,,,,,,,,,,,,,,
25229.0,50459.0,,,,,,,,,,,,,,,,,,,,,,,,
25523.0,51047.0,,,,,,,,,,,,,,,,,,,,,,,,
25601.0,51203.0,,,,,,,,,,,,,,,,,,,,,,,,
25643.0,51287.0,,,,,,,,,,,,,,,,,,,,,,,,
25673.0,51347.0,,,,,,,,,,,,,,,,,,,,,,,,
25703.0,51407.0,,,,,,,,,,,,,,,,,,,,,,,,
25799.0,51599.0,,,,,,,,,,,,,,,,,,,,,,,,
25841.0,51683.0,,,,,,,,,,,,,,,,,,,,,,,,
25913.0,51827.0,,,,,,,,,,,,,,,,,,,,,,,,
25919.0,51839.0,,,,,,,,,,,,,,,,,,,,,,,,
26111.0,52223.0,,,,,,,,,,,,,,,,,,,,,,,,
26189.0,52379.0,,,,,,,,,,,,,,,,,,,,,,,,
26459.0,52919.0,,,,,,,,,,,,,,,,,,,,,,,,
26501.0,53003.0,,,,,,,,,,,,,,,,,,,,,,,,
26573.0,53147.0,,,,,,,,,,,,,,,,,,,,,,,,
26633.0,53267.0,,,,,,,,,,,,,,,,,,,,,,,,
26849.0,53699.0,,,,,,,,,,,,,,,,,,,,,,,,
26879.0,53759.0,,,,,,,,,,,,,,,,,,,,,,,,
26891.0,53783.0,,,,,,,,,,,,,,,,,,,,,,,,
26993.0,53987.0,,,,,,,,,,,,,,,,,,,,,,,,
27143.0,54287.0,,,,,,,,,,,,,,,,,,,,,,,,
27281.0,54563.0,,,,,,,,,,,,,,,,,,,,,,,,
27479.0,54959.0,,,,,,,,,,,,,,,,,,,,,,,,
27539.0,55079.0,,,,,,,,,,,,,,,,,,,,,,,,
27551.0,55103.0,,,,,,,,,,,,,,,,,,,,,,,,
27581.0,55163.0,,,,,,,,,,,,,,,,,,,,,,,,
27743.0,55487.0,,,,,,,,,,,,,,,,,,,,,,,,
27773.0,55547.0,,,,,,,,,,,,,,,,,,,,,,,,
27809.0,55619.0,,,,,,,,,,,,,,,,,,,,,,,,
27893.0,55787.0,,,,,,,,,,,,,,,,,,,,,,,,
27983.0,55967.0,,,,,,,,,,,,,,,,,,,,,,,,
28001.0,56003.0,,,,,,,,,,,,,,,,,,,,,,,,
28019.0,56039.0,,,,,,,,,,,,,,,,,,,,,,,,
28403.0,56807.0,,,,,,,,,,,,,,,,,,,,,,,,
28499.0,56999.0,,,,,,,,,,,,,,,,,,,,,,,,
28559.0,57119.0,,,,,,,,,,,,,,,,,,,,,,,,
28571.0,57143.0,,,,,,,,,,,,,,,,,,,,,,,,
28643.0,57287.0,,,,,,,,,,,,,,,,,,,,,,,,
28751.0,57503.0,,,,,,,,,,,,,,,,,,,,,,,,
28793.0,57587.0,,,,,,,,,,,,,,,,,,,,,,,,
28859.0,57719.0,,,,,,,,,,,,,,,,,,,,,,,,
28901.0,57803.0,,,,,,,,,,,,,,,,,,,,,,,,
28949.0,57899.0,,,,,,,,,,,,,,,,,,,,,,,,
28961.0,57923.0,,,,,,,,,,,,,,,,,,,,,,,,
29021.0,58043.0,,,,,,,,,,,,,,,,,,,,,,,,
29033.0,58067.0,,,,,,,,,,,,,,,,,,,,,,,,
29201.0,58403.0,,,,,,,,,,,,,,,,,,,,,,,,
29339.0,58679.0,,,,,,,,,,,,,,,,,,,,,,,,
29363.0,58727.0,,,,,,,,,,,,,,,,,,,,,,,,
29453.0,58907.0,,,,,,,,,,,,,,,,,,,,,,,,
29483.0,58967.0,,,,,,,,,,,,,,,,,,,,,,,,
29531.0,59063.0,,,,,,,,,,,,,,,,,,,,,,,,
29723.0,59447.0,,,,,,,,,,,,,,,,,,,,,,,,
29873.0,59747.0,,,,,,,,,,,,,,,,,,,,,,,,
30269.0,60539.0,,,,,,,,,,,,,,,,,,,,,,,,
30323.0,60647.0,,,,,,,,,,,,,,,,,,,,,,,,
30389.0,60779.0,,,,,,,,,,,,,,,,,,,,,,,,
30449.0,60899.0,,,,,,,,,,,,,,,,,,,,,,,,
30671.0,61343.0,,,,,,,,,,,,,,,,,,,,,,,,
30689.0,61379.0,,,,,,,,,,,,,,,,,,,,,,,,
30773.0,61547.0,,,,,,,,,,,,,,,,,,,,,,,,
30851.0,61703.0,,,,,,,,,,,,,,,,,,,,,,,,
30983.0,61967.0,,,,,,,,,,,,,,,,,,,,,,,,
31019.0,62039.0,,,,,,,,,,,,,,,,,,,,,,,,
31151.0,62303.0,,,,,,,,,,,,,,,,,,,,,,,,
31253.0,62507.0,,,,,,,,,,,,,,,,,,,,,,,,
31319.0,62639.0,,,,,,,,,,,,,,,,,,,,,,,,
31469.0,62939.0,,,,,,,,,,,,,,,,,,,,,,,,
31649.0,63299.0,,,,,,,,,,,,,,,,,,,,,,,,
31721.0,63443.0,,,,,,,,,,,,,,,,,,,,,,,,
31793.0,63587.0,,,,,,,,,,,,,,,,,,,,,,,,
31799.0,63599.0,,,,,,,,,,,,,,,,,,,,,,,,
31859.0,63719.0,,,,,,,,,,,,,,,,,,,,,,,,
32003.0,64007.0,,,,,,,,,,,,,,,,,,,,,,,,
32009.0,64019.0,,,,,,,,,,,,,,,,,,,,,,,,
32141.0,64283.0,,,,,,,,,,,,,,,,,,,,,,,,
32159.0,64319.0,,,,,,,,,,,,,,,,,,,,,,,,
32381.0,64763.0,,,,,,,,,,,,,,,,,,,,,,,,
32531.0,65063.0,,,,,,,,,,,,,,,,,,,,,,,,
32561.0,65123.0,,,,,,,,,,,,,,,,,,,,,,,,
32573.0,65147.0,,,,,,,,,,,,,,,,,,,,,,,,
32633.0,65267.0,,,,,,,,,,,,,,,,,,,,,,,,
32771.0,65543.0,,,,,,,,,,,,,,,,,,,,,,,,
32789.0,65579.0,,,,,,,,,,,,,,,,,,,,,,,,
32843.0,65687.0,,,,,,,,,,,,,,,,,,,,,,,,
32933.0,65867.0,,,,,,,,,,,,,,,,,,,,,,,,
33023.0,66047.0,,,,,,,,,,,,,,,,,,,,,,,,
33053.0,66107.0,,,,,,,,,,,,,,,,,,,,,,,,
33119.0,66239.0,,,,,,,,,,,,,,,,,,,,,,,,
33179.0,66359.0,,,,,,,,,,,,,,,,,,,,,,,,
33191.0,66383.0,,,,,,,,,,,,,,,,,,,,,,,,
33461.0,66923.0,,,,,,,,,,,,,,,,,,,,,,,,
33479.0,66959.0,,,,,,,,,,,,,,,,,,,,,,,,
33521.0,67043.0,,,,,,,,,,,,,,,,,,,,,,,,
33569.0,67139.0,,,,,,,,,,,,,,,,,,,,,,,,
33623.0,67247.0,,,,,,,,,,,,,,,,,,,,,,,,
33713.0,67427.0,,,,,,,,,,,,,,,,,,,,,,,,
33749.0,67499.0,,,,,,,,,,,,,,,,,,,,,,,,
33773.0,67547.0,,,,,,,,,,,,,,,,,,,,,,,,
33809.0,67619.0,,,,,,,,,,,,,,,,,,,,,,,,
33941.0,67883.0,,,,,,,,,,,,,,,,,,,,,,,,
34253.0,68507.0,,,,,,,,,,,,,,,,,,,,,,,,
34283.0,68567.0,,,,,,,,,,,,,,,,,,,,,,,,
34319.0,68639.0,,,,,,,,,,,,,,,,,,,,,,,,
34439.0,68879.0,,,,,,,,,,,,,,,,,,,,,,,,
34631.0,69263.0,,,,,,,,,,,,,,,,,,,,,,,,
34883.0,69767.0,,,,,,,,,,,,,,,,,,,,,,,,
34913.0,69827.0,,,,,,,,,,,,,,,,,,,,,,,,
34949.0,69899.0,,,,,,,,,,,,,,,,,,,,,,,,
35069.0,70139.0,,,,,,,,,,,,,,,,,,,,,,,,
35081.0,70163.0,,,,,,,,,,,,,,,,,,,,,,,,
35099.0,70199.0,,,,,,,,,,,,,,,,,,,,,,,,
35111.0,70223.0,,,,,,,,,,,,,,,,,,,,,,,,
35291.0,70583.0,,,,,,,,,,,,,,,,,,,,,,,,
35573.0,71147.0,,,,,,,,,,,,,,,,,,,,,,,,
35831.0,71663.0,,,,,,,,,,,,,,,,,,,,,,,,
35933.0,71867.0,,,,,,,,,,,,,,,,,,,,,,,,
35993.0,71987.0,,,,,,,,,,,,,,,,,,,,,,,,
35999.0,71999.0,,,,,,,,,,,,,,,,,,,,,,,,
36083.0,72167.0,,,,,,,,,,,,,,,,,,,,,,,,
36191.0,72383.0,,,,,,,,,,,,,,,,,,,,,,,,
36251.0,72503.0,,,,,,,,,,,,,,,,,,,,,,,,
36353.0,72707.0,,,,,,,,,,,,,,,,,,,,,,,,
36383.0,72767.0,,,,,,,,,,,,,,,,,,,,,,,,
36479.0,72959.0,,,,,,,,,,,,,,,,,,,,,,,,
36563.0,73127.0,,,,,,,,,,,,,,,,,,,,,,,,
36629.0,73259.0,,,,,,,,,,,,,,,,,,,,,,,,
36761.0,73523.0,,,,,,,,,,,,,,,,,,,,,,,,
36791.0,73583.0,,,,,,,,,,,,,,,,,,,,,,,,
36821.0,73643.0,,,,,,,,,,,,,,,,,,,,,,,,
36923.0,73847.0,,,,,,,,,,,,,,,,,,,,,,,,
36929.0,73859.0,,,,,,,,,,,,,,,,,,,,,,,,
37013.0,74027.0,,,,,,,,,,,,,,,,,,,,,,,,
37049.0,74099.0,,,,,,,,,,,,,,,,,,,,,,,,
37139.0,74279.0,,,,,,,,,,,,,,,,,,,,,,,,
37181.0,74363.0,,,,,,,,,,,,,,,,,,,,,,,,
37253.0,74507.0,,,,,,,,,,,,,,,,,,,,,,,,
37379.0,74759.0,,,,,,,,,,,,,,,,,,,,,,,,
37619.0,75239.0,,,,,,,,,,,,,,,,,,,,,,,,
37853.0,75707.0,,,,,,,,,,,,,,,,,,,,,,,,
37871.0,75743.0,,,,,,,,,,,,,,,,,,,,,,,,
37991.0,75983.0,,,,,,,,,,,,,,,,,,,,,,,,
38039.0,76079.0,,,,,,,,,,,,,,,,,,,,,,,,
38183.0,76367.0,,,,,,,,,,,,,,,,,,,,,,,,
38189.0,76379.0,,,,,,,,,,,,,,,,,,,,,,,,
38201.0,76403.0,,,,,,,,,,,,,,,,,,,,,,,,
38231.0,76463.0,,,,,,,,,,,,,,,,,,,,,,,,
38303.0,76607.0,,,,,,,,,,,,,,,,,,,,,,,,
38333.0,76667.0,,,,,,,,,,,,,,,,,,,,,,,,
38453.0,76907.0,,,,,,,,,,,,,,,,,,,,,,,,
38459.0,76919.0,,,,,,,,,,,,,,,,,,,,,,,,
38501.0,77003.0,,,,,,,,,,,,,,,,,,,,,,,,
38639.0,77279.0,,,,,,,,,,,,,,,,,,,,,,,,
38669.0,77339.0,,,,,,,,,,,,,,,,,,,,,,,,
38723.0,77447.0,,,,,,,,,,,,,,,,,,,,,,,,
38861.0,77723.0,,,,,,,,,,,,,,,,,,,,,,,,
38873.0,77747.0,,,,,,,,,,,,,,,,,,,,,,,,
38891.0,77783.0,,,,,,,,,,,,,,,,,,,,,,,,
38933.0,77867.0,,,,,,,,,,,,,,,,,,,,,,,,
39089.0,78179.0,,,,,,,,,,,,,,,,,,,,,,,,
39233.0,78467.0,,,,,,,,,,,,,,,,,,,,,,,,
39239.0,78479.0,,,,,,,,,,,,,,,,,,,,,,,,
39419.0,78839.0,,,,,,,,,,,,,,,,,,,,,,,,
39443.0,78887.0,,,,,,,,,,,,,,,,,,,,,,,,
39521.0,79043.0,,,,,,,,,,,,,,,,,,,,,,,,
39551.0,79103.0,,,,,,,,,,,,,,,,,,,,,,,,
39569.0,79139.0,,,,,,,,,,,,,,,,,,,,,,,,
39659.0,79319.0,,,,,,,,,,,,,,,,,,,,,,,,
39779.0,79559.0,,,,,,,,,,,,,,,,,,,,,,,,
39953.0,79907.0,,,,,,,,,,,,,,,,,,,,,,,,
39971.0,79943.0,,,,,,,,,,,,,,,,,,,,,,,,
39983.0,79967.0,,,,,,,,,,,,,,,,,,,,,,,,
39989.0,79979.0,,,,,,,,,,,,,,,,,,,,,,,,
40193.0,80387.0,,,,,,,,,,,,,,,,,,,,,,,,
40283.0,80567.0,,,,,,,,,,,,,,,,,,,,,,,,
40343.0,80687.0,,,,,,,,,,,,,,,,,,,,,,,,
40559.0,81119.0,,,,,,,,,,,,,,,,,,,,,,,,
40763.0,81527.0,,,,,,,,,,,,,,,,,,,,,,,,
40823.0,81647.0,,,,,,,,,,,,,,,,,,,,,,,,
40853.0,81707.0,,,,,,,,,,,,,,,,,,,,,,,,
40949.0,81899.0,,,,,,,,,,,,,,,,,,,,,,,,
41081.0,82163.0,,,,,,,,,,,,,,,,,,,,,,,,
41231.0,82463.0,,,,,,,,,,,,,,,,,,,,,,,,
41243.0,82487.0,,,,,,,,,,,,,,,,,,,,,,,,
41381.0,82763.0,,,,,,,,,,,,,,,,,,,,,,,,
41399.0,82799.0,,,,,,,,,,,,,,,,,,,,,,,,
41603.0,83207.0,,,,,,,,,,,,,,,,,,,,,,,,
41609.0,83219.0,,,,,,,,,,,,,,,,,,,,,,,,
41621.0,83243.0,,,,,,,,,,,,,,,,,,,,,,,,
41669.0,83339.0,,,,,,,,,,,,,,,,,,,,,,,,
41729.0,83459.0,,,,,,,,,,,,,,,,,,,,,,,,
41969.0,83939.0,,,,,,,,,,,,,,,,,,,,,,,,
42023.0,84047.0,,,,,,,,,,,,,,,,,,,,,,,,
42071.0,84143.0,,,,,,,,,,,,,,,,,,,,,,,,
42089.0,84179.0,,,,,,,,,,,,,,,,,,,,,,,,
42131.0,84263.0,,,,,,,,,,,,,,,,,,,,,,,,
42221.0,84443.0,,,,,,,,,,,,,,,,,,,,,,,,
42359.0,84719.0,,,,,,,,,,,,,,,,,,,,,,,,
42473.0,84947.0,,,,,,,,,,,,,,,,,,,,,,,,
42611.0,85223.0,,,,,,,,,,,,,,,,,,,,,,,,
42719.0,85439.0,,,,,,,,,,,,,,,,,,,,,,,,
42743.0,85487.0,,,,,,,,,,,,,,,,,,,,,,,,
42821.0,85643.0,,,,,,,,,,,,,,,,,,,,,,,,
42923.0,85847.0,,,,,,,,,,,,,,,,,,,,,,,,
43013.0,86027.0,,,,,,,,,,,,,,,,,,,,,,,,
43313.0,86627.0,,,,,,,,,,,,,,,,,,,,,,,,
43391.0,86783.0,,,,,,,,,,,,,,,,,,,,,,,,
43541.0,87083.0,,,,,,,,,,,,,,,,,,,,,,,,
43649.0,87299.0,,,,,,,,,,,,,,,,,,,,,,,,
43661.0,87323.0,,,,,,,,,,,,,,,,,,,,,,,,
43691.0,87383.0,,,,,,,,,,,,,,,,,,,,,,,,
43721.0,87443.0,,,,,,,,,,,,,,,,,,,,,,,,
43793.0,87587.0,,,,,,,,,,,,,,,,,,,,,,,,
43943.0,87887.0,,,,,,,,,,,,,,,,,,,,,,,,
44111.0,88223.0,,,,,,,,,,,,,,,,,,,,,,,,
44129.0,88259.0,,,,,,,,,,,,,,,,,,,,,,,,
44189.0,88379.0,,,,,,,,,,,,,,,,,,,,,,,,
44249.0,88499.0,,,,,,,,,,,,,,,,,,,,,,,,
44273.0,88547.0,,,,,,,,,,,,,,,,,,,,,,,,
44501.0,89003.0,,,,,,,,,,,,,,,,,,,,,,,,
44543.0,89087.0,,,,,,,,,,,,,,,,,,,,,,,,
44651.0,89303.0,,,,,,,,,,,,,,,,,,,,,,,,
44699.0,89399.0,,,,,,,,,,,,,,,,,,,,,,,,
44729.0,89459.0,,,,,,,,,,,,,,,,,,,,,,,,
44879.0,89759.0,,,,,,,,,,,,,,,,,,,,,,,,
44909.0,89819.0,,,,,,,,,,,,,,,,,,,,,,,,
45053.0,90107.0,,,,,,,,,,,,,,,,,,,,,,,,
45119.0,90239.0,,,,,,,,,,,,,,,,,,,,,,,,
45131.0,90263.0,,,,,,,,,,,,,,,,,,,,,,,,
45179.0,90359.0,,,,,,,,,,,,,,,,,,,,,,,,
45263.0,90527.0,,,,,,,,,,,,,,,,,,,,,,,,
45329.0,90659.0,,,,,,,,,,,,,,,,,,,,,,,,
45569.0,91139.0,,,,,,,,,,,,,,,,,,,,,,,,
45599.0,91199.0,,,,,,,,,,,,,,,,,,,,,,,,
45641.0,91283.0,,,,,,,,,,,,,,,,,,,,,,,,
45971.0,91943.0,,,,,,,,,,,,,,,,,,,,,,,,
46181.0,92363.0,,,,,,,,,,,,,,,,,,,,,,,,
46199.0,92399.0,,,,,,,,,,,,,,,,,,,,,,,,
46229.0,92459.0,,,,,,,,,,,,,,,,,,,,,,,,
46349.0,92699.0,,,,,,,,,,,,,,,,,,,,,,,,
46523.0,93047.0,,,,,,,,,,,,,,,,,,,,,,,,
46589.0,93179.0,,,,,,,,,,,,,,,,,,,,,,,,
46619.0,93239.0,,,,,,,,,,,,,,,,,,,,,,,,
46643.0,93287.0,,,,,,,,,,,,,,,,,,,,,,,,
46691.0,93383.0,,,,,,,,,,,,,,,,,,,,,,,,
46703.0,93407.0,,,,,,,,,,,,,,,,,,,,,,,,
46751.0,93503.0,,,,,,,,,,,,,,,,,,,,,,,,
47189.0,94379.0,,,,,,,,,,,,,,,,,,,,,,,,
47279.0,94559.0,,,,,,,,,,,,,,,,,,,,,,,,
47363.0,94727.0,,,,,,,,,,,,,,,,,,,,,,,,
47501.0,95003.0,,,,,,,,,,,,,,,,,,,,,,,,
47513.0,95027.0,,,,,,,,,,,,,,,,,,,,,,,,
47543.0,95087.0,,,,,,,,,,,,,,,,,,,,,,,,
47609.0,95219.0,,,,,,,,,,,,,,,,,,,,,,,,
47639.0,95279.0,,,,,,,,,,,,,,,,,,,,,,,,
47741.0,95483.0,,,,,,,,,,,,,,,,,,,,,,,,
48029.0,96059.0,,,,,,,,,,,,,,,,,,,,,,,,
48131.0,96263.0,,,,,,,,,,,,,,,,,,,,,,,,
48221.0,96443.0,,,,,,,,,,,,,,,,,,,,,,,,
48239.0,96479.0,,,,,,,,,,,,,,,,,,,,,,,,
48413.0,96827.0,,,,,,,,,,,,,,,,,,,,,,,,
48479.0,96959.0,,,,,,,,,,,,,,,,,,,,,,,,
48563.0,97127.0,,,,,,,,,,,,,,,,,,,,,,,,
48593.0,97187.0,,,,,,,,,,,,,,,,,,,,,,,,
48731.0,97463.0,,,,,,,,,,,,,,,,,,,,,,,,
48761.0,97523.0,,,,,,,,,,,,,,,,,,,,,,,,
49103.0,98207.0,,,,,,,,,,,,,,,,,,,,,,,,
49193.0,98387.0,,,,,,,,,,,,,,,,,,,,,,,,
49253.0,98507.0,,,,,,,,,,,,,,,,,,,,,,,,
49331.0,98663.0,,,,,,,,,,,,,,,,,,,,,,,,
49433.0,98867.0,,,,,,,,,,,,,,,,,,,,,,,,
49463.0,98927.0,,,,,,,,,,,,,,,,,,,,,,,,
49481.0,98963.0,,,,,,,,,,,,,,,,,,,,,,,,
49499.0,98999.0,,,,,,,,,,,,,,,,,,,,,,,,
49559.0,99119.0,,,,,,,,,,,,,,,,,,,,,,,,
49811.0,99623.0,,,,,,,,,,,,,,,,,,,,,,,,
49853.0,99707.0,,,,,,,,,,,,,,,,,,,,,,,,
49919.0,99839.0,,,,,,,,,,,,,,,,,,,,,,,,
50021.0,100043.0,,,,,,,,,,,,,,,,,,,,,,,,
50051.0,100103.0,,,,,,,,,,,,,,,,,,,,,,,,
50261.0,100523.0,,,,,,,,,,,,,,,,,,,,,,,,
50273.0,100547.0,,,,,,,,,,,,,,,,,,,,,,,,
50411.0,100823.0,,,,,,,,,,,,,,,,,,,,,,,,
50423.0,100847.0,,,,,,,,,,,,,,,,,,,,,,,,
50513.0,101027.0,,,,,,,,,,,,,,,,,,,,,,,,
50591.0,101183.0,,,,,,,,,,,,,,,,,,,,,,,,
50741.0,101483.0,,,,,,,,,,,,,,,,,,,,,,,,
50873.0,101747.0,,,,,,,,,,,,,,,,,,,,,,,,
50969.0,101939.0,,,,,,,,,,,,,,,,,,,,,,,,
50993.0,101987.0,,,,,,,,,,,,,,,,,,,,,,,,
51203.0,102407.0,,,,,,,,,,,,,,,,,,,,,,,,
51503.0,103007.0,,,,,,,,,,,,,,,,,,,,,,,,
51521.0,103043.0,,,,,,,,,,,,,,,,,,,,,,,,
51539.0,103079.0,,,,,,,,,,,,,,,,,,,,,,,,
51659.0,103319.0,,,,,,,,,,,,,,,,,,,,,,,,
51893.0,103787.0,,,,,,,,,,,,,,,,,,,,,,,,
52103.0,104207.0,,,,,,,,,,,,,,,,,,,,,,,,
52121.0,104243.0,,,,,,,,,,,,,,,,,,,,,,,,
52163.0,104327.0,,,,,,,,,,,,,,,,,,,,,,,,
52289.0,104579.0,,,,,,,,,,,,,,,,,,,,,,,,
52361.0,104723.0,,,,,,,,,,,,,,,,,,,,,,,,
52379.0,104759.0,,,,,,,,,,,,,,,,,,,,,,,,
52511.0,105023.0,,,,,,,,,,,,,,,,,,,,,,,,
52553.0,105107.0,,,,,,,,,,,,,,,,,,,,,,,,
52571.0,105143.0,,,,,,,,,,,,,,,,,,,,,,,,
52583.0,105167.0,,,,,,,,,,,,,,,,,,,,,,,,
52631.0,105263.0,,,,,,,,,,,,,,,,,,,,,,,,
52733.0,105467.0,,,,,,,,,,,,,,,,,,,,,,,,
52883.0,105767.0,,,,,,,,,,,,,,,,,,,,,,,,
53051.0,106103.0,,,,,,,,,,,,,,,,,,,,,,,,
53093.0,106187.0,,,,,,,,,,,,,,,,,,,,,,,,
53309.0,106619.0,,,,,,,,,,,,,,,,,,,,,,,,
53411.0,106823.0,,,,,,,,,,,,,,,,,,,,,,,,
53453.0,106907.0,,,,,,,,,,,,,,,,,,,,,,,,
53549.0,107099.0,,,,,,,,,,,,,,,,,,,,,,,,
53591.0,107183.0,,,,,,,,,,,,,,,,,,,,,,,,
53639.0,107279.0,,,,,,,,,,,,,,,,,,,,,,,,
53849.0,107699.0,,,,,,,,,,,,,,,,,,,,,,,,
53951.0,107903.0,,,,,,,,,,,,,,,,,,,,,,,,
54011.0,108023.0,,,,,,,,,,,,,,,,,,,,,,,,
54101.0,108203.0,,,,,,,,,,,,,,,,,,,,,,,,
54251.0,108503.0,,,,,,,,,,,,,,,,,,,,,,,,
54293.0,108587.0,,,,,,,,,,,,,,,,,,,,,,,,
54401.0,108803.0,,,,,,,,,,,,,,,,,,,,,,,,
54413.0,108827.0,,,,,,,,,,,,,,,,,,,,,,,,
54443.0,108887.0,,,,,,,,,,,,,,,,,,,,,,,,
54773.0,109547.0,,,,,,,,,,,,,,,,,,,,,,,,
54941.0,109883.0,,,,,,,,,,,,,,,,,,,,,,,,
54959.0,109919.0,,,,,,,,,,,,,,,,,,,,,,,,
55229.0,110459.0,,,,,,,,,,,,,,,,,,,,,,,,
55439.0,110879.0,,,,,,,,,,,,,,,,,,,,,,,,
55469.0,110939.0,,,,,,,,,,,,,,,,,,,,,,,,
55631.0,111263.0,,,,,,,,,,,,,,,,,,,,,,,,
55661.0,111323.0,,,,,,,,,,,,,,,,,,,,,,,,
55673.0,111347.0,,,,,,,,,,,,,,,,,,,,,,,,
55721.0,111443.0,,,,,,,,,,,,,,,,,,,,,,,,
55733.0,111467.0,,,,,,,,,,,,,,,,,,,,,,,,
55799.0,111599.0,,,,,,,,,,,,,,,,,,,,,,,,
55829.0,111659.0,,,,,,,,,,,,,,,,,,,,,,,,
55889.0,111779.0,,,,,,,,,,,,,,,,,,,,,,,,
55931.0,111863.0,,,,,,,,,,,,,,,,,,,,,,,,
56009.0,112019.0,,,,,,,,,,,,,,,,,,,,,,,,
56081.0,112163.0,,,,,,,,,,,,,,,,,,,,,,,,
56099.0,112199.0,,,,,,,,,,,,,,,,,,,,,,,,
56123.0,112247.0,,,,,,,,,,,,,,,,,,,,,,,,
56393.0,112787.0,,,,,,,,,,,,,,,,,,,,,,,,
56489.0,112979.0,,,,,,,,,,,,,,,,,,,,,,,,
56519.0,113039.0,,,,,,,,,,,,,,,,,,,,,,,,
56531.0,113063.0,,,,,,,,,,,,,,,,,,,,,,,,
56663.0,113327.0,,,,,,,,,,,,,,,,,,,,,,,,
56681.0,113363.0,,,,,,,,,,,,,,,,,,,,,,,,
56783.0,113567.0,,,,,,,,,,,,,,,,,,,,,,,,
56891.0,113783.0,,,,,,,,,,,,,,,,,,,,,,,,
56909.0,113819.0,,,,,,,,,,,,,,,,,,,,,,,,
56921.0,113843.0,,,,,,,,,,,,,,,,,,,,,,,,
56951.0,113903.0,,,,,,,,,,,,,,,,,,,,,,,,
57041.0,114083.0,,,,,,,,,,,,,,,,,,,,,,,,
57149.0,114299.0,,,,,,,,,,,,,,,,,,,,,,,,
57203.0,114407.0,,,,,,,,,,,,,,,,,,,,,,,,
57329.0,114659.0,,,,,,,,,,,,,,,,,,,,,,,,
57413.0,114827.0,,,,,,,,,,,,,,,,,,,,,,,,
57773.0,115547.0,,,,,,,,,,,,,,,,,,,,,,,,
57839.0,115679.0,,,,,,,,,,,,,,,,,,,,,,,,
57881.0,115763.0,,,,,,,,,,,,,,,,,,,,,,,,
58013.0,116027.0,,,,,,,,,,,,,,,,,,,,,,,,
58049.0,116099.0,,,,,,,,,,,,,,,,,,,,,,,,
58193.0,116387.0,,,,,,,,,,,,,,,,,,,,,,,,
58211.0,116423.0,,,,,,,,,,,,,,,,,,,,,,,,
58451.0,116903.0,,,,,,,,,,,,,,,,,,,,,,,,
58511.0,117023.0,,,,,,,,,,,,,,,,,,,,,,,,
58601.0,117203.0,,,,,,,,,,,,,,,,,,,,,,,,
58889.0,117779.0,,,,,,,,,,,,,,,,,,,,,,,,
58979.0,117959.0,,,,,,,,,,,,,,,,,,,,,,,,
59021.0,118043.0,,,,,,,,,,,,,,,,,,,,,,,,
59063.0,118127.0,,,,,,,,,,,,,,,,,,,,,,,,
59123.0,118247.0,,,,,,,,,,,,,,,,,,,,,,,,
59369.0,118739.0,,,,,,,,,,,,,,,,,,,,,,,,
59393.0,118787.0,,,,,,,,,,,,,,,,,,,,,,,,
59399.0,118799.0,,,,,,,,,,,,,,,,,,,,,,,,
59453.0,118907.0,,,,,,,,,,,,,,,,,,,,,,,,
59513.0,119027.0,,,,,,,,,,,,,,,,,,,,,,,,
59621.0,119243.0,,,,,,,,,,,,,,,,,,,,,,,,
59723.0,119447.0,,,,,,,,,,,,,,,,,,,,,,,,
59879.0,119759.0,,,,,,,,,,,,,,,,,,,,,,,,
59981.0,119963.0,,,,,,,,,,,,,,,,,,,,,,,,
60083.0,120167.0,,,,,,,,,,,,,,,,,,,,,,,,
60149.0,120299.0,,,,,,,,,,,,,,,,,,,,,,,,
60251.0,120503.0,,,,,,,,,,,,,,,,,,,,,,,,
60293.0,120587.0,,,,,,,,,,,,,,,,,,,,,,,,
60383.0,120767.0,,,,,,,,,,,,,,,,,,,,,,,,
60449.0,120899.0,,,,,,,,,,,,,,,,,,,,,,,,
60509.0,121019.0,,,,,,,,,,,,,,,,,,,,,,,,
60689.0,121379.0,,,,,,,,,,,,,,,,,,,,,,,,
60719.0,121439.0,,,,,,,,,,,,,,,,,,,,,,,,
60761.0,121523.0,,,,,,,,,,,,,,,,,,,,,,,,
60773.0,121547.0,,,,,,,,,,,,,,,,,,,,,,,,
60779.0,121559.0,,,,,,,,,,,,,,,,,,,,,,,,
61331.0,122663.0,,,,,,,,,,,,,,,,,,,,,,,,
61409.0,122819.0,,,,,,,,,,,,,,,,,,,,,,,,
61469.0,122939.0,,,,,,,,,,,,,,,,,,,,,,,,
61703.0,123407.0,,,,,,,,,,,,,,,,,,,,,,,,
61751.0,123503.0,,,,,,,,,,,,,,,,,,,,,,,,
61961.0,123923.0,,,,,,,,,,,,,,,,,,,,,,,,
61991.0,123983.0,,,,,,,,,,,,,,,,,,,,,,,,
62099.0,124199.0,,,,,,,,,,,,,,,,,,,,,,,,
62171.0,124343.0,,,,,,,,,,,,,,,,,,,,,,,,
62213.0,124427.0,,,,,,,,,,,,,,,,,,,,,,,,
62351.0,124703.0,,,,,,,,,,,,,,,,,,,,,,,,
62423.0,124847.0,,,,,,,,,,,,,,,,,,,,,,,,
62459.0,124919.0,,,,,,,,,,,,,,,,,,,,,,,,
62501.0,125003.0,,,,,,,,,,,,,,,,,,,,,,,,
62591.0,125183.0,,,,,,,,,,,,,,,,,,,,,,,,
62603.0,125207.0,,,,,,,,,,,,,,,,,,,,,,,,
62753.0,125507.0,,,,,,,,,,,,,,,,,,,,,,,,
62819.0,125639.0,,,,,,,,,,,,,,,,,,,,,,,,
62981.0,125963.0,,,,,,,,,,,,,,,,,,,,,,,,
63113.0,126227.0,,,,,,,,,,,,,,,,,,,,,,,,
63179.0,126359.0,,,,,,,,,,,,,,,,,,,,,,,,
63419.0,126839.0,,,,,,,,,,,,,,,,,,,,,,,,
63671.0,127343.0,,,,,,,,,,,,,,,,,,,,,,,,
63743.0,127487.0,,,,,,,,,,,,,,,,,,,,,,,,
63803.0,127607.0,,,,,,,,,,,,,,,,,,,,,,,,
63839.0,127679.0,,,,,,,,,,,,,,,,,,,,,,,,
63863.0,127727.0,,,,,,,,,,,,,,,,,,,,,,,,
63929.0,127859.0,,,,,,,,,,,,,,,,,,,,,,,,
64301.0,128603.0,,,,,,,,,,,,,,,,,,,,,,,,
64373.0,128747.0,,,,,,,,,,,,,,,,,,,,,,,,
64439.0,128879.0,,,,,,,,,,,,,,,,,,,,,,,,
64451.0,128903.0,,,,,,,,,,,,,,,,,,,,,,,,
64709.0,129419.0,,,,,,,,,,,,,,,,,,,,,,,,
64763.0,129527.0,,,,,,,,,,,,,,,,,,,,,,,,
64793.0,129587.0,,,,,,,,,,,,,,,,,,,,,,,,
64853.0,129707.0,,,,,,,,,,,,,,,,,,,,,,,,
64901.0,129803.0,,,,,,,,,,,,,,,,,,,,,,,,
65063.0,130127.0,,,,,,,,,,,,,,,,,,,,,,,,
65099.0,130199.0,,,,,,,,,,,,,,,,,,,,,,,,
65111.0,130223.0,,,,,,,,,,,,,,,,,,,,,,,,
65129.0,130259.0,,,,,,,,,,,,,,,,,,,,,,,,
65171.0,130343.0,,,,,,,,,,,,,,,,,,,,,,,,
65183.0,130367.0,,,,,,,,,,,,,,,,,,,,,,,,
65309.0,130619.0,,,,,,,,,,,,,,,,,,,,,,,,
65393.0,130787.0,,,,,,,,,,,,,,,,,,,,,,,,
65633.0,131267.0,,,,,,,,,,,,,,,,,,,,,,,,
65651.0,131303.0,,,,,,,,,,,,,,,,,,,,,,,,
65843.0,131687.0,,,,,,,,,,,,,,,,,,,,,,,,
65963.0,131927.0,,,,,,,,,,,,,,,,,,,,,,,,
66029.0,132059.0,,,,,,,,,,,,,,,,,,,,,,,,
66173.0,132347.0,,,,,,,,,,,,,,,,,,,,,,,,
66191.0,132383.0,,,,,,,,,,,,,,,,,,,,,,,,
66431.0,132863.0,,,,,,,,,,,,,,,,,,,,,,,,
66593.0,133187.0,,,,,,,,,,,,,,,,,,,,,,,,
66701.0,133403.0,,,,,,,,,,,,,,,,,,,,,,,,
66749.0,133499.0,,,,,,,,,,,,,,,,,,,,,,,,
66791.0,133583.0,,,,,,,,,,,,,,,,,,,,,,,,
66959.0,133919.0,,,,,,,,,,,,,,,,,,,,,,,,
67043.0,134087.0,,,,,,,,,,,,,,,,,,,,,,,,
67103.0,134207.0,,,,,,,,,,,,,,,,,,,,,,,,
67121.0,134243.0,,,,,,,,,,,,,,,,,,,,,,,,
67169.0,134339.0,,,,,,,,,,,,,,,,,,,,,,,,
67181.0,134363.0,,,,,,,,,,,,,,,,,,,,,,,,
67349.0,134699.0,,,,,,,,,,,,,,,,,,,,,,,,
67433.0,134867.0,,,,,,,,,,,,,,,,,,,,,,,,
67499.0,134999.0,,,,,,,,,,,,,,,,,,,,,,,,
67559.0,135119.0,,,,,,,,,,,,,,,,,,,,,,,,
67733.0,135467.0,,,,,,,,,,,,,,,,,,,,,,,,
67943.0,135887.0,,,,,,,,,,,,,,,,,,,,,,,,
68111.0,136223.0,,,,,,,,,,,,,,,,,,,,,,,,
68171.0,136343.0,,,,,,,,,,,,,,,,,,,,,,,,
68261.0,136523.0,,,,,,,,,,,,,,,,,,,,,,,,
68279.0,136559.0,,,,,,,,,,,,,,,,,,,,,,,,
68489.0,136979.0,,,,,,,,,,,,,,,,,,,,,,,,
68543.0,137087.0,,,,,,,,,,,,,,,,,,,,,,,,
68639.0,137279.0,,,,,,,,,,,,,,,,,,,,,,,,
68669.0,137339.0,,,,,,,,,,,,,,,,,,,,,,,,
68699.0,137399.0,,,,,,,,,,,,,,,,,,,,,,,,
68819.0,137639.0,,,,,,,,,,,,,,,,,,,,,,,,
68963.0,137927.0,,,,,,,,,,,,,,,,,,,,,,,,
69029.0,138059.0,,,,,,,,,,,,,,,,,,,,,,,,
69119.0,138239.0,,,,,,,,,,,,,,,,,,,,,,,,
69203.0,138407.0,,,,,,,,,,,,,,,,,,,,,,,,
69341.0,138683.0,,,,,,,,,,,,,,,,,,,,,,,,
69431.0,138863.0,,,,,,,,,,,,,,,,,,,,,,,,
69539.0,139079.0,,,,,,,,,,,,,,,,,,,,,,,,
69593.0,139187.0,,,,,,,,,,,,,,,,,,,,,,,,
69809.0,139619.0,,,,,,,,,,,,,,,,,,,,,,,,
69941.0,139883.0,,,,,,,,,,,,,,,,,,,,,,,,
70061.0,140123.0,,,,,,,,,,,,,,,,,,,,,,,,
70079.0,140159.0,,,,,,,,,,,,,,,,,,,,,,,,
70181.0,140363.0,,,,,,,,,,,,,,,,,,,,,,,,
70313.0,140627.0,,,,,,,,,,,,,,,,,,,,,,,,
70379.0,140759.0,,,,,,,,,,,,,,,,,,,,,,,,
70589.0,141179.0,,,,,,,,,,,,,,,,,,,,,,,,
70769.0,141539.0,,,,,,,,,,,,,,,,,,,,,,,,
70793.0,141587.0,,,,,,,,,,,,,,,,,,,,,,,,
70853.0,141707.0,,,,,,,,,,,,,,,,,,,,,,,,
70901.0,141803.0,,,,,,,,,,,,,,,,,,,,,,,,
70979.0,141959.0,,,,,,,,,,,,,,,,,,,,,,,,
71399.0,142799.0,,,,,,,,,,,,,,,,,,,,,,,,
71453.0,142907.0,,,,,,,,,,,,,,,,,,,,,,,,
71693.0,143387.0,,,,,,,,,,,,,,,,,,,,,,,,
71741.0,143483.0,,,,,,,,,,,,,,,,,,,,,,,,
71843.0,143687.0,,,,,,,,,,,,,,,,,,,,,,,,
71849.0,143699.0,,,,,,,,,,,,,,,,,,,,,,,,
71999.0,143999.0,,,,,,,,,,,,,,,,,,,,,,,,
72101.0,144203.0,,,,,,,,,,,,,,,,,,,,,,,,
72161.0,144323.0,,,,,,,,,,,,,,,,,,,,,,,,
72269.0,144539.0,,,,,,,,,,,,,,,,,,,,,,,,
72503.0,145007.0,,,,,,,,,,,,,,,,,,,,,,,,
72911.0,145823.0,,,,,,,,,,,,,,,,,,,,,,,,
73259.0,146519.0,,,,,,,,,,,,,,,,,,,,,,,,
73421.0,146843.0,,,,,,,,,,,,,,,,,,,,,,,,
73523.0,147047.0,,,,,,,,,,,,,,,,,,,,,,,,
73553.0,147107.0,,,,,,,,,,,,,,,,,,,,,,,,
73589.0,147179.0,,,,,,,,,,,,,,,,,,,,,,,,
73613.0,147227.0,,,,,,,,,,,,,,,,,,,,,,,,
73673.0,147347.0,,,,,,,,,,,,,,,,,,,,,,,,
73709.0,147419.0,,,,,,,,,,,,,,,,,,,,,,,,
73751.0,147503.0,,,,,,,,,,,,,,,,,,,,,,,,
73823.0,147647.0,,,,,,,,,,,,,,,,,,,,,,,,
74099.0,148199.0,,,,,,,,,,,,,,,,,,,,,,,,
74201.0,148403.0,,,,,,,,,,,,,,,,,,,,,,,,
74219.0,148439.0,,,,,,,,,,,,,,,,,,,,,,,,
74363.0,148727.0,,,,,,,,,,,,,,,,,,,,,,,,
74381.0,148763.0,,,,,,,,,,,,,,,,,,,,,,,,
74699.0,149399.0,,,,,,,,,,,,,,,,,,,,,,,,
74729.0,149459.0,,,,,,,,,,,,,,,,,,,,,,,,
74759.0,149519.0,,,,,,,,,,,,,,,,,,,,,,,,
74771.0,149543.0,,,,,,,,,,,,,,,,,,,,,,,,
74933.0,149867.0,,,,,,,,,,,,,,,,,,,,,,,,
75041.0,150083.0,,,,,,,,,,,,,,,,,,,,,,,,
75149.0,150299.0,,,,,,,,,,,,,,,,,,,,,,,,
75161.0,150323.0,,,,,,,,,,,,,,,,,,,,,,,,
75329.0,150659.0,,,,,,,,,,,,,,,,,,,,,,,,
75353.0,150707.0,,,,,,,,,,,,,,,,,,,,,,,,
75389.0,150779.0,,,,,,,,,,,,,,,,,,,,,,,,
75479.0,150959.0,,,,,,,,,,,,,,,,,,,,,,,,
75503.0,151007.0,,,,,,,,,,,,,,,,,,,,,,,,
75689.0,151379.0,,,,,,,,,,,,,,,,,,,,,,,,
75821.0,151643.0,,,,,,,,,,,,,,,,,,,,,,,,
75833.0,151667.0,,,,,,,,,,,,,,,,,,,,,,,,
75941.0,151883.0,,,,,,,,,,,,,,,,,,,,,,,,
75983.0,151967.0,,,,,,,,,,,,,,,,,,,,,,,,
76001.0,152003.0,,,,,,,,,,,,,,,,,,,,,,,,
76031.0,152063.0,,,,,,,,,,,,,,,,,,,,,,,,
76091.0,152183.0,,,,,,,,,,,,,,,,,,,,,,,,
76259.0,152519.0,,,,,,,,,,,,,,,,,,,,,,,,
76283.0,152567.0,,,,,,,,,,,,,,,,,,,,,,,,
76421.0,152843.0,,,,,,,,,,,,,,,,,,,,,,,,
76679.0,153359.0,,,,,,,,,,,,,,,,,,,,,,,,
76781.0,153563.0,,,,,,,,,,,,,,,,,,,,,,,,
76871.0,153743.0,,,,,,,,,,,,,,,,,,,,,,,,
76943.0,153887.0,,,,,,,,,,,,,,,,,,,,,,,,
77243.0,154487.0,,,,,,,,,,,,,,,,,,,,,,,,
77261.0,154523.0,,,,,,,,,,,,,,,,,,,,,,,,
77471.0,154943.0,,,,,,,,,,,,,,,,,,,,,,,,
77513.0,155027.0,,,,,,,,,,,,,,,,,,,,,,,,
77543.0,155087.0,,,,,,,,,,,,,,,,,,,,,,,,
77699.0,155399.0,,,,,,,,,,,,,,,,,,,,,,,,
77711.0,155423.0,,,,,,,,,,,,,,,,,,,,,,,,
77813.0,155627.0,,,,,,,,,,,,,,,,,,,,,,,,
77849.0,155699.0,,,,,,,,,,,,,,,,,,,,,,,,
78059.0,156119.0,,,,,,,,,,,,,,,,,,,,,,,,
78173.0,156347.0,,,,,,,,,,,,,,,,,,,,,,,,
78233.0,156467.0,,,,,,,,,,,,,,,,,,,,,,,,
78311.0,156623.0,,,,,,,,,,,,,,,,,,,,,,,,
78341.0,156683.0,,,,,,,,,,,,,,,,,,,,,,,,
78509.0,157019.0,,,,,,,,,,,,,,,,,,,,,,,,
78623.0,157247.0,,,,,,,,,,,,,,,,,,,,,,,,
78653.0,157307.0,,,,,,,,,,,,,,,,,,,,,,,,
78713.0,157427.0,,,,,,,,,,,,,,,,,,,,,,,,
78779.0,157559.0,,,,,,,,,,,,,,,,,,,,,,,,
78839.0,157679.0,,,,,,,,,,,,,,,,,,,,,,,,
79151.0,158303.0,,,,,,,,,,,,,,,,,,,,,,,,
79181.0,158363.0,,,,,,,,,,,,,,,,,,,,,,,,
79259.0,158519.0,,,,,,,,,,,,,,,,,,,,,,,,
79283.0,158567.0,,,,,,,,,,,,,,,,,,,,,,,,
79349.0,158699.0,,,,,,,,,,,,,,,,,,,,,,,,
79379.0,158759.0,,,,,,,,,,,,,,,,,,,,,,,,
79433.0,158867.0,,,,,,,,,,,,,,,,,,,,,,,,
79559.0,159119.0,,,,,,,,,,,,,,,,,,,,,,,,
79589.0,159179.0,,,,,,,,,,,,,,,,,,,,,,,,
79613.0,159227.0,,,,,,,,,,,,,,,,,,,,,,,,
79769.0,159539.0,,,,,,,,,,,,,,,,,,,,,,,,
79811.0,159623.0,,,,,,,,,,,,,,,,,,,,,,,,
79841.0,159683.0,,,,,,,,,,,,,,,,,,,,,,,,
79889.0,159779.0,,,,,,,,,,,,,,,,,,,,,,,,
80039.0,160079.0,,,,,,,,,,,,,,,,,,,,,,,,
80309.0,160619.0,,,,,,,,,,,,,,,,,,,,,,,,
80369.0,160739.0,,,,,,,,,,,,,,,,,,,,,,,,
80651.0,161303.0,,,,,,,,,,,,,,,,,,,,,,,,
80669.0,161339.0,,,,,,,,,,,,,,,,,,,,,,,,
80681.0,161363.0,,,,,,,,,,,,,,,,,,,,,,,,
80819.0,161639.0,,,,,,,,,,,,,,,,,,,,,,,,
81071.0,162143.0,,,,,,,,,,,,,,,,,,,,,,,,
81131.0,162263.0,,,,,,,,,,,,,,,,,,,,,,,,
81281.0,162563.0,,,,,,,,,,,,,,,,,,,,,,,,
81509.0,163019.0,,,,,,,,,,,,,,,,,,,,,,,,
81563.0,163127.0,,,,,,,,,,,,,,,,,,,,,,,,
81611.0,163223.0,,,,,,,,,,,,,,,,,,,,,,,,
81629.0,163259.0,,,,,,,,,,,,,,,,,,,,,,,,
81701.0,163403.0,,,,,,,,,,,,,,,,,,,,,,,,
81839.0,163679.0,,,,,,,,,,,,,,,,,,,,,,,,
81929.0,163859.0,,,,,,,,,,,,,,,,,,,,,,,,
82073.0,164147.0,,,,,,,,,,,,,,,,,,,,,,,,
82139.0,164279.0,,,,,,,,,,,,,,,,,,,,,,,,
82193.0,164387.0,,,,,,,,,,,,,,,,,,,,,,,,
82223.0,164447.0,,,,,,,,,,,,,,,,,,,,,,,,
82493.0,164987.0,,,,,,,,,,,,,,,,,,,,,,,,
82499.0,164999.0,,,,,,,,,,,,,,,,,,,,,,,,
82529.0,165059.0,,,,,,,,,,,,,,,,,,,,,,,,
82601.0,165203.0,,,,,,,,,,,,,,,,,,,,,,,,
82721.0,165443.0,,,,,,,,,,,,,,,,,,,,,,,,
82763.0,165527.0,,,,,,,,,,,,,,,,,,,,,,,,
82793.0,165587.0,,,,,,,,,,,,,,,,,,,,,,,,
82889.0,165779.0,,,,,,,,,,,,,,,,,,,,,,,,
83243.0,166487.0,,,,,,,,,,,,,,,,,,,,,,,,
83339.0,166679.0,,,,,,,,,,,,,,,,,,,,,,,,
83399.0,166799.0,,,,,,,,,,,,,,,,,,,,,,,,
83423.0,166847.0,,,,,,,,,,,,,,,,,,,,,,,,
83459.0,166919.0,,,,,,,,,,,,,,,,,,,,,,,,
83579.0,167159.0,,,,,,,,,,,,,,,,,,,,,,,,
83813.0,167627.0,,,,,,,,,,,,,,,,,,,,,,,,
83873.0,167747.0,,,,,,,,,,,,,,,,,,,,,,,,
83939.0,167879.0,,,,,,,,,,,,,,,,,,,,,,,,
84011.0,168023.0,,,,,,,,,,,,,,,,,,,,,,,,
84131.0,168263.0,,,,,,,,,,,,,,,,,,,,,,,,
84263.0,168527.0,,,,,,,,,,,,,,,,,,,,,,,,
84299.0,168599.0,,,,,,,,,,,,,,,,,,,,,,,,
84401.0,168803.0,,,,,,,,,,,,,,,,,,,,,,,,
84431.0,168863.0,,,,,,,,,,,,,,,,,,,,,,,,
84443.0,168887.0,,,,,,,,,,,,,,,,,,,,,,,,
84449.0,168899.0,,,,,,,,,,,,,,,,,,,,,,,,
84503.0,169007.0,,,,,,,,,,,,,,,,,,,,,,,,
84509.0,169019.0,,,,,,,,,,,,,,,,,,,,,,,,
84533.0,169067.0,,,,,,,,,,,,,,,,,,,,,,,,
84629.0,169259.0,,,,,,,,,,,,,,,,,,,,,,,,
84653.0,169307.0,,,,,,,,,,,,,,,,,,,,,,,,
84659.0,169319.0,,,,,,,,,,,,,,,,,,,,,,,,
84713.0,169427.0,,,,,,,,,,,,,,,,,,,,,,,,
84761.0,169523.0,,,,,,,,,,,,,,,,,,,,,,,,
85049.0,170099.0,,,,,,,,,,,,,,,,,,,,,,,,
85061.0,170123.0,,,,,,,,,,,,,,,,,,,,,,,,
85103.0,170207.0,,,,,,,,,,,,,,,,,,,,,,,,
85121.0,170243.0,,,,,,,,,,,,,,,,,,,,,,,,
85133.0,170267.0,,,,,,,,,,,,,,,,,,,,,,,,
85223.0,170447.0,,,,,,,,,,,,,,,,,,,,,,,,
85313.0,170627.0,,,,,,,,,,,,,,,,,,,,,,,,
85523.0,171047.0,,,,,,,,,,,,,,,,,,,,,,,,
85601.0,171203.0,,,,,,,,,,,,,,,,,,,,,,,,
85691.0,171383.0,,,,,,,,,,,,,,,,,,,,,,,,
85733.0,171467.0,,,,,,,,,,,,,,,,,,,,,,,,
85829.0,171659.0,,,,,,,,,,,,,,,,,,,,,,,,
85853.0,171707.0,,,,,,,,,,,,,,,,,,,,,,,,
85931.0,171863.0,,,,,,,,,,,,,,,,,,,,,,,,
86111.0,172223.0,,,,,,,,,,,,,,,,,,,,,,,,
86171.0,172343.0,,,,,,,,,,,,,,,,,,,,,,,,
86291.0,172583.0,,,,,,,,,,,,,,,,,,,,,,,,
86441.0,172883.0,,,,,,,,,,,,,,,,,,,,,,,,
86771.0,173543.0,,,,,,,,,,,,,,,,,,,,,,,,
86843.0,173687.0,,,,,,,,,,,,,,,,,,,,,,,,
87071.0,174143.0,,,,,,,,,,,,,,,,,,,,,,,,
87149.0,174299.0,,,,,,,,,,,,,,,,,,,,,,,,
87221.0,174443.0,,,,,,,,,,,,,,,,,,,,,,,,
87299.0,174599.0,,,,,,,,,,,,,,,,,,,,,,,,
87383.0,174767.0,,,,,,,,,,,,,,,,,,,,,,,,
87539.0,175079.0,,,,,,,,,,,,,,,,,,,,,,,,
87701.0,175403.0,,,,,,,,,,,,,,,,,,,,,,,,
87959.0,175919.0,,,,,,,,,,,,,,,,,,,,,,,,
88079.0,176159.0,,,,,,,,,,,,,,,,,,,,,,,,
88463.0,176927.0,,,,,,,,,,,,,,,,,,,,,,,,
88661.0,177323.0,,,,,,,,,,,,,,,,,,,,,,,,
88811.0,177623.0,,,,,,,,,,,,,,,,,,,,,,,,
88919.0,177839.0,,,,,,,,,,,,,,,,,,,,,,,,
89051.0,178103.0,,,,,,,,,,,,,,,,,,,,,,,,
89123.0,178247.0,,,,,,,,,,,,,,,,,,,,,,,,
89153.0,178307.0,,,,,,,,,,,,,,,,,,,,,,,,
89399.0,178799.0,,,,,,,,,,,,,,,,,,,,,,,,
89759.0,179519.0,,,,,,,,,,,,,,,,,,,,,,,,
89909.0,179819.0,,,,,,,,,,,,,,,,,,,,,,,,
90011.0,180023.0,,,,,,,,,,,,,,,,,,,,,,,,
90089.0,180179.0,,,,,,,,,,,,,,,,,,,,,,,,
90173.0,180347.0,,,,,,,,,,,,,,,,,,,,,,,,
90281.0,180563.0,,,,,,,,,,,,,,,,,,,,,,,,
90599.0,181199.0,,,,,,,,,,,,,,,,,,,,,,,,
90641.0,181283.0,,,,,,,,,,,,,,,,,,,,,,,,
90749.0,181499.0,,,,,,,,,,,,,,,,,,,,,,,,
90803.0,181607.0,,,,,,,,,,,,,,,,,,,,,,,,
90833.0,181667.0,,,,,,,,,,,,,,,,,,,,,,,,
90971.0,181943.0,,,,,,,,,,,,,,,,,,,,,,,,
91079.0,182159.0,,,,,,,,,,,,,,,,,,,,,,,,
91121.0,182243.0,,,,,,,,,,,,,,,,,,,,,,,,
91139.0,182279.0,,,,,,,,,,,,,,,,,,,,,,,,
91193.0,182387.0,,,,,,,,,,,,,,,,,,,,,,,,
91373.0,182747.0,,,,,,,,,,,,,,,,,,,,,,,,
91433.0,182867.0,,,,,,,,,,,,,,,,,,,,,,,,
91463.0,182927.0,,,,,,,,,,,,,,,,,,,,,,,,
91499.0,182999.0,,,,,,,,,,,,,,,,,,,,,,,,
91529.0,183059.0,,,,,,,,,,,,,,,,,,,,,,,,
91583.0,183167.0,,,,,,,,,,,,,,,,,,,,,,,,
91631.0,183263.0,,,,,,,,,,,,,,,,,,,,,,,,
91691.0,183383.0,,,,,,,,,,,,,,,,,,,,,,,,
91841.0,183683.0,,,,,,,,,,,,,,,,,,,,,,,,
92003.0,184007.0,,,,,,,,,,,,,,,,,,,,,,,,
92243.0,184487.0,,,,,,,,,,,,,,,,,,,,,,,,
92363.0,184727.0,,,,,,,,,,,,,,,,,,,,,,,,
92681.0,185363.0,,,,,,,,,,,,,,,,,,,,,,,,
92849.0,185699.0,,,,,,,,,,,,,,,,,,,,,,,,
92861.0,185723.0,,,,,,,,,,,,,,,,,,,,,,,,
92951.0,185903.0,,,,,,,,,,,,,,,,,,,,,,,,
92993.0,185987.0,,,,,,,,,,,,,,,,,,,,,,,,
93053.0,186107.0,,,,,,,,,,,,,,,,,,,,,,,,
93059.0,186119.0,,,,,,,,,,,,,,,,,,,,,,,,
93113.0,186227.0,,,,,,,,,,,,,,,,,,,,,,,,
93239.0,186479.0,,,,,,,,,,,,,,,,,,,,,,,,
93323.0,186647.0,,,,,,,,,,,,,,,,,,,,,,,,
93371.0,186743.0,,,,,,,,,,,,,,,,,,,,,,,,
93479.0,186959.0,,,,,,,,,,,,,,,,,,,,,,,,
93563.0,187127.0,,,,,,,,,,,,,,,,,,,,,,,,
93581.0,187163.0,,,,,,,,,,,,,,,,,,,,,,,,
93683.0,187367.0,,,,,,,,,,,,,,,,,,,,,,,,
93893.0,187787.0,,,,,,,,,,,,,,,,,,,,,,,,
93911.0,187823.0,,,,,,,,,,,,,,,,,,,,,,,,
93941.0,187883.0,,,,,,,,,,,,,,,,,,,,,,,,
94079.0,188159.0,,,,,,,,,,,,,,,,,,,,,,,,
94151.0,188303.0,,,,,,,,,,,,,,,,,,,,,,,,
94229.0,188459.0,,,,,,,,,,,,,,,,,,,,,,,,
94343.0,188687.0,,,,,,,,,,,,,,,,,,,,,,,,
94421.0,188843.0,,,,,,,,,,,,,,,,,,,,,,,,
94463.0,188927.0,,,,,,,,,,,,,,,,,,,,,,,,
95261.0,190523.0,,,,,,,,,,,,,,,,,,,,,,,,
95393.0,190787.0,,,,,,,,,,,,,,,,,,,,,,,,
95549.0,191099.0,,,,,,,,,,,,,,,,,,,,,,,,
95561.0,191123.0,,,,,,,,,,,,,,,,,,,,,,,,
95723.0,191447.0,,,,,,,,,,,,,,,,,,,,,,,,
95789.0,191579.0,,,,,,,,,,,,,,,,,,,,,,,,
95813.0,191627.0,,,,,,,,,,,,,,,,,,,,,,,,
95873.0,191747.0,,,,,,,,,,,,,,,,,,,,,,,,
95891.0,191783.0,,,,,,,,,,,,,,,,,,,,,,,,
96269.0,192539.0,,,,,,,,,,,,,,,,,,,,,,,,
96293.0,192587.0,,,,,,,,,,,,,,,,,,,,,,,,
96443.0,192887.0,,,,,,,,,,,,,,,,,,,,,,,,
96461.0,192923.0,,,,,,,,,,,,,,,,,,,,,,,,
96581.0,193163.0,,,,,,,,,,,,,,,,,,,,,,,,
96731.0,193463.0,,,,,,,,,,,,,,,,,,,,,,,,
96779.0,193559.0,,,,,,,,,,,,,,,,,,,,,,,,
96851.0,193703.0,,,,,,,,,,,,,,,,,,,,,,,,
96989.0,193979.0,,,,,,,,,,,,,,,,,,,,,,,,
97001.0,194003.0,,,,,,,,,,,,,,,,,,,,,,,,
97241.0,194483.0,,,,,,,,,,,,,,,,,,,,,,,,
97511.0,195023.0,,,,,,,,,,,,,,,,,,,,,,,,
97523.0,195047.0,,,,,,,,,,,,,,,,,,,,,,,,
97829.0,195659.0,,,,,,,,,,,,,,,,,,,,,,,,
97871.0,195743.0,,,,,,,,,,,,,,,,,,,,,,,,
97931.0,195863.0,,,,,,,,,,,,,,,,,,,,,,,,
97943.0,195887.0,,,,,,,,,,,,,,,,,,,,,,,,
98123.0,196247.0,,,,,,,,,,,,,,,,,,,,,,,,
98321.0,196643.0,,,,,,,,,,,,,,,,,,,,,,,,
98369.0,196739.0,,,,,,,,,,,,,,,,,,,,,,,,
98453.0,196907.0,,,,,,,,,,,,,,,,,,,,,,,,
98459.0,196919.0,,,,,,,,,,,,,,,,,,,,,,,,
98561.0,197123.0,,,,,,,,,,,,,,,,,,,,,,,,
98573.0,197147.0,,,,,,,,,,,,,,,,,,,,,,,,
98621.0,197243.0,,,,,,,,,,,,,,,,,,,,,,,,
98639.0,197279.0,,,,,,,,,,,,,,,,,,,,,,,,
98669.0,197339.0,,,,,,,,,,,,,,,,,,,,,,,,
98711.0,197423.0,,,,,,,,,,,,,,,,,,,,,,,,
98849.0,197699.0,,,,,,,,,,,,,,,,,,,,,,,,
98963.0,197927.0,,,,,,,,,,,,,,,,,,,,,,,,
98981.0,197963.0,,,,,,,,,,,,,,,,,,,,,,,,
99023.0,198047.0,,,,,,,,,,,,,,,,,,,,,,,,
99041.0,198083.0,,,,,,,,,,,,,,,,,,,,,,,,
99089.0,198179.0,,,,,,,,,,,,,,,,,,,,,,,,
99173.0,198347.0,,,,,,,,,,,,,,,,,,,,,,,,
99251.0,198503.0,,,,,,,,,,,,,,,,,,,,,,,,
99551.0,199103.0,,,,,,,,,,,,,,,,,,,,,,,,
99623.0,199247.0,,,,,,,,,,,,,,,,,,,,,,,,
99689.0,199379.0,,,,,,,,,,,,,,,,,,,,,,,,
99761.0,199523.0,,,,,,,,,,,,,,,,,,,,,,,,
99839.0,199679.0,,,,,,,,,,,,,,,,,,,,,,,,
